Country,Wave_Number,Start_Date,Peak_Date,End_Date,Duration_Days,Peak_to_Onset_Amp,Peak_IA14,Infected_In_Wave,Stability_Index_S,Is_Major_Wave
Afghanistan,1,2021-03-08,2021-06-27,2021-11-06,243,58.18,58.71,100550,0.4,False
Albania,1,2020-05-19,2020-08-30,2020-09-23,127,63.22,68.09,11839,0.3,False
Albania,2,2020-09-24,2020-12-09,2021-01-06,104,285.05,351.5,48221,0.8,False
Albania,3,2021-01-07,2021-02-20,2021-07-13,187,244.58,500.79,71600,0.85,True
Albania,4,2021-07-14,2021-09-15,2021-10-23,101,408.26,406.18,48644,1.0,True
Albania,5,2021-12-16,2022-01-25,2022-03-25,99,654.86,790.75,68691,1.0,True
Albania,6,2022-06-01,2022-07-27,2022-11-30,182,513.49,521.81,57242,1.0,True
Argentina,1,2020-02-25,2020-10-20,2020-12-14,293,417.93,417.86,1503222,1.0,True
Argentina,2,2020-12-15,2021-01-20,2021-03-03,78,127.36,312.07,623309,0.5,False
Argentina,3,2021-03-04,2021-06-01,2021-10-17,227,712.25,890.26,3146020,1.0,True
Argentina,4,2021-12-04,2022-01-22,2022-04-21,138,2813.75,2797.86,3723231,1.0,True
Argentina,5,2022-04-22,2022-06-05,2022-07-04,73,152.22,188.63,333403,0.45,False
Argentina,6,2022-07-05,2022-08-04,2022-11-12,130,56.36,191.11,325906,0.25,False
Argentina,7,2022-11-13,2023-01-03,2023-03-09,116,247.48,248.5,324725,0.8,False
Armenia,1,2020-02-22,2020-06-30,2020-09-06,197,267.78,267.33,44783,0.9,True
Armenia,2,2020-09-07,2020-11-08,2021-02-11,157,812.99,873.65,123893,1.0,True
Armenia,3,2021-02-12,2021-04-08,2021-06-17,125,354.47,422.04,55324,0.95,True
Armenia,4,2021-06-18,2021-11-01,2021-12-30,195,772.95,805.0,120826,1.0,True
Armenia,5,2021-12-31,2022-02-11,2022-04-02,92,1007.32,1030.03,77737,1.0,True
Armenia,6,2022-06-03,2022-09-12,2023-01-16,227,152.77,154.04,23045,0.75,False
Australia,1,2021-06-02,2021-10-17,2021-12-03,184,120.1,120.57,186463,0.45,False
Australia,2,2021-12-04,2022-01-20,2022-02-25,83,3957.26,3922.62,2983417,1.0,True
Australia,3,2022-02-26,2022-04-07,2022-05-05,68,1676.06,2894.26,3001059,0.8,False
Australia,4,2022-06-21,2022-07-24,2022-10-19,120,735.84,2294.32,2458996,0.75,False
Australia,5,2022-10-20,2022-12-15,2023-03-09,140,573.64,830.57,1085768,1.0,True
Austria,1,2020-02-20,2020-04-04,2020-05-28,98,72.7,70.34,16500,0.4,False
Austria,2,2020-05-29,2020-11-20,2021-02-08,255,912.9,917.1,403182,1.0,True
Austria,3,2021-02-09,2021-04-02,2021-07-03,144,249.57,462.93,226549,0.8,False
Austria,4,2021-07-04,2021-09-20,2021-10-03,91,255.2,272.86,96944,0.55,False
Austria,5,2021-10-04,2021-11-25,2021-12-26,83,1463.69,1721.83,515149,1.0,True
Austria,6,2021-12-27,2022-02-18,2022-02-19,54,4325.5,4812.68,1178830,0.4,False
Austria,7,2022-02-20,2022-03-21,2022-06-01,101,1106.17,5918.52,1852835,0.8,False
Austria,8,2022-06-02,2022-07-20,2022-09-04,94,1303.57,1692.71,676021,1.0,True
Austria,9,2022-09-05,2022-10-13,2022-11-22,78,1092.41,1764.95,571608,1.0,True
Austria,10,2022-11-23,2022-12-17,2023-01-20,58,116.95,724.5,227158,0.4,False
Austria,11,2023-01-21,2023-02-18,2023-03-09,47,292.06,687.11,209324,0.55,False
Azerbaijan,1,2020-04-26,2020-07-10,2020-09-25,152,66.16,72.5,38170,0.5,False
Azerbaijan,2,2020-09-26,2020-12-12,2021-02-12,139,504.73,519.11,192053,1.0,True
Azerbaijan,3,2021-02-13,2021-04-16,2021-07-01,138,263.87,276.05,104282,0.9,True
Azerbaijan,4,2021-07-02,2021-09-02,2021-10-08,98,440.45,443.28,154008,1.0,True
Azerbaijan,5,2021-10-09,2021-11-11,2022-01-04,87,131.63,288.25,128235,0.45,False
Azerbaijan,6,2022-01-05,2022-02-14,2022-04-03,88,603.0,664.13,173696,0.95,True
Azerbaijan,7,2022-06-11,2022-08-26,2022-11-16,158,67.19,67.71,31020,0.5,False
Bahamas,1,2020-06-26,2020-09-01,2020-09-05,71,207.98,204.3,2372,0.3,False
Bahamas,2,2020-09-06,2020-10-17,2020-12-22,107,108.25,312.16,5296,0.9,True
Bahamas,3,2021-01-25,2021-05-06,2021-06-20,146,148.67,184.64,4194,0.75,False
Bahamas,4,2021-06-21,2021-08-25,2021-12-01,163,319.7,413.96,10555,0.95,True
Bahamas,5,2021-12-02,2022-01-15,2022-03-09,97,1036.04,1043.31,10378,1.0,True
Bahamas,6,2022-03-10,2022-06-06,2022-10-25,229,170.22,177.83,4184,0.75,False
Bahrain,1,2020-02-05,2020-07-01,2020-08-13,190,438.51,438.26,45726,1.0,True
Bahrain,2,2020-08-14,2020-09-22,2020-12-03,111,216.66,510.35,41706,0.7,False
Bahrain,3,2020-12-04,2021-02-24,2021-03-08,94,432.8,558.54,39823,0.4,False
Bahrain,4,2021-03-09,2021-05-30,2021-07-23,136,1252.39,1795.13,141083,1.0,True
Bahrain,5,2021-12-12,2022-02-11,2022-04-27,136,4748.95,4719.03,289577,1.0,True
Bahrain,6,2022-04-28,2022-07-04,2022-09-08,133,930.63,1294.81,105700,1.0,True
Bahrain,7,2022-09-09,2022-10-07,2023-01-17,130,81.15,277.92,26386,0.35,False
Bahrain,8,2023-01-18,2023-02-24,2023-03-09,50,148.8,189.39,10993,0.5,False
Bangladesh,1,2021-05-26,2021-08-02,2021-12-18,206,91.95,101.33,788676,0.5,False
Bangladesh,2,2021-12-19,2022-02-04,2022-03-29,100,85.24,85.09,370560,0.5,False
Barbados,1,2020-12-02,2021-02-22,2021-04-21,140,268.23,271.3,3519,0.85,True
Barbados,2,2021-08-06,2021-11-02,2021-12-18,134,1585.34,1628.52,22726,1.0,True
Barbados,3,2021-12-19,2022-02-02,2022-03-19,90,2440.26,2888.45,30491,1.0,True
Barbados,4,2022-03-20,2022-05-07,2022-06-22,94,1511.6,2079.79,25582,1.0,True
Barbados,5,2022-06-23,2022-08-10,2022-10-09,108,1185.68,1729.02,19338,1.0,True
Barbados,6,2022-10-10,2022-12-08,2022-12-28,79,122.9,203.14,2364,0.45,False
Belarus,1,2020-03-16,2020-05-24,2020-08-12,149,142.98,140.97,69075,0.75,False
Belarus,2,2020-08-13,2020-12-28,2021-03-21,220,264.27,280.87,241343,1.0,True
Belarus,3,2021-06-28,2021-10-23,2022-01-07,193,185.97,299.43,291191,0.75,False
Belarus,4,2022-01-08,2022-02-19,2022-06-05,148,735.2,883.08,276337,1.0,True
Belarus,5,2022-06-06,2022-07-11,2022-08-19,74,67.25,63.66,11170,0.35,False
Belgium,1,2020-02-24,2020-04-16,2020-06-27,124,157.22,153.54,61208,0.75,False
Belgium,2,2020-06-28,2020-08-15,2020-09-04,68,54.68,64.27,25965,0.25,False
Belgium,3,2020-09-05,2020-11-01,2021-01-06,123,1388.32,1438.13,568558,1.0,True
Belgium,4,2021-02-15,2021-04-04,2021-06-27,132,249.83,507.13,343845,0.9,True
Belgium,5,2021-06-28,2021-09-02,2021-09-27,91,165.36,242.36,155882,0.55,False
Belgium,6,2021-09-28,2021-12-02,2021-12-24,87,1618.65,1841.66,799753,0.6,False
Belgium,7,2021-12-25,2022-01-30,2022-03-10,75,3279.76,4531.79,1591560,1.0,True
Belgium,8,2022-03-11,2022-04-04,2022-06-06,87,299.59,1161.43,529083,0.55,False
Belgium,9,2022-06-07,2022-07-16,2022-09-05,90,536.85,751.11,334019,0.95,True
Belgium,10,2022-09-06,2022-10-11,2022-11-21,76,146.63,330.69,134413,0.5,False
Belize,1,2020-07-13,2020-09-03,2020-09-22,71,132.24,131.0,1598,0.45,False
Belize,2,2020-09-23,2020-12-12,2021-03-27,185,493.58,607.21,10780,1.0,True
Belize,3,2021-05-20,2021-10-22,2021-12-12,206,730.93,749.4,18280,1.0,True
Belize,4,2021-12-13,2022-01-25,2022-04-10,118,2057.77,2198.28,26285,1.0,True
Belize,5,2022-04-11,2022-06-28,2022-11-09,212,536.35,549.64,11654,1.0,True
Belize,6,2022-11-10,2023-01-01,2023-03-09,119,122.29,126.04,1785,0.65,False
Bhutan,1,2021-12-23,2022-04-15,2022-05-30,158,2061.6,2056.71,56969,1.0,True
Bhutan,2,2022-05-31,2022-07-31,2022-08-23,84,102.09,46.3,1270,0.4,False
Bolivia,1,2020-02-29,2020-08-02,2020-11-23,268,181.99,181.96,144034,0.75,False
Bolivia,2,2020-11-24,2021-01-28,2021-03-21,117,223.64,232.99,120600,0.75,False
Bolivia,3,2021-03-22,2021-06-07,2021-09-27,189,232.51,318.72,234568,0.75,False
Bolivia,4,2021-09-28,2022-01-20,2022-03-17,170,975.07,1011.31,399739,1.0,True
Bolivia,5,2022-05-04,2022-07-31,2022-11-11,191,493.92,503.12,204666,1.0,True
Bolivia,6,2022-11-12,2022-12-31,2023-03-09,117,223.73,221.62,84514,0.75,False
Bosnia and Herzegovina,1,2020-05-31,2020-08-12,2020-09-25,117,110.28,117.76,24070,0.55,False
Bosnia and Herzegovina,2,2020-09-26,2020-11-14,2021-02-06,133,499.1,592.46,96870,1.0,True
Bosnia and Herzegovina,3,2021-02-07,2021-04-03,2021-07-14,157,492.19,604.77,81804,1.0,True
Bosnia and Herzegovina,4,2021-07-15,2021-09-26,2021-10-19,96,293.54,296.97,40553,0.6,False
Bosnia and Herzegovina,5,2021-12-18,2022-01-27,2022-06-11,175,628.88,833.27,93811,1.0,True
Bosnia and Herzegovina,6,2022-06-12,2022-08-13,2022-12-18,189,154.33,160.1,22686,0.75,False
Botswana,1,2020-05-18,2020-10-30,2020-11-09,175,81.81,81.9,7810,0.2,False
Botswana,2,2020-12-23,2021-02-05,2021-02-12,51,85.0,156.81,11304,0.2,False
Botswana,3,2021-05-07,2021-08-10,2021-10-20,166,961.81,1079.87,135634,1.0,True
Botswana,4,2021-11-30,2022-01-10,2022-03-05,95,701.57,773.29,68882,1.0,True
Botswana,5,2022-03-06,2022-04-05,2022-05-11,66,877.6,948.71,42374,0.95,True
Botswana,6,2022-05-12,2022-06-26,2022-08-28,108,321.19,292.16,19540,0.8,False
Botswana,7,2022-11-03,2022-12-13,2023-01-16,74,69.22,66.42,4157,0.4,False
Brazil,1,2020-03-04,2020-08-09,2020-10-31,241,285.97,285.8,5557557,1.0,True
Brazil,2,2020-11-01,2021-01-26,2021-02-12,103,191.16,330.28,4234666,0.4,False
Brazil,3,2021-02-13,2021-03-29,2021-05-07,83,160.01,474.96,5324285,0.85,True
Brazil,4,2021-12-20,2022-02-06,2022-05-03,134,1012.86,1025.37,8264859,1.0,True
Brazil,5,2022-05-04,2022-07-10,2022-10-25,174,277.31,369.3,4317031,0.9,True
Brazil,6,2022-10-26,2022-12-21,2023-03-09,134,207.71,237.03,2282812,0.75,False
Brunei,1,2021-07-17,2021-10-17,2022-01-18,185,664.34,660.6,15637,1.0,True
Brunei,2,2022-01-19,2022-03-09,2022-05-01,102,10420.79,10231.63,126010,1.0,True
Brunei,3,2022-05-02,2022-07-24,2022-09-21,142,4215.33,4553.09,84326,1.0,True
Brunei,4,2022-09-22,2022-11-28,2023-01-06,106,1177.52,1922.44,43962,1.0,True
Bulgaria,1,2020-09-18,2020-11-23,2021-01-25,129,626.46,645.48,197045,1.0,True
Bulgaria,2,2021-01-26,2021-03-31,2021-07-10,165,576.31,672.0,206857,1.0,True
Bulgaria,3,2021-07-11,2021-11-04,2021-12-17,159,808.5,817.47,300987,1.0,True
Bulgaria,4,2021-12-18,2022-02-01,2022-06-10,174,1263.64,1561.11,443344,1.0,True
Bulgaria,5,2022-06-11,2022-08-05,2022-09-21,102,265.72,295.75,86995,0.9,True
Burma,1,2021-05-31,2021-07-29,2022-01-15,229,126.8,126.11,389450,0.75,False
Burma,2,2022-01-16,2022-02-28,2022-04-26,100,52.11,54.4,79764,0.35,False
Burundi,1,2021-11-23,2022-01-08,2022-02-27,96,60.4,59.6,17714,0.4,False
Cabo Verde,1,2020-03-14,2020-07-26,2020-07-31,139,104.35,104.13,2451,0.25,False
Cabo Verde,2,2020-08-01,2020-10-18,2020-12-25,146,126.84,230.64,9245,0.75,False
Cabo Verde,3,2020-12-26,2021-01-27,2021-03-03,67,97.71,181.98,3862,0.4,False
Cabo Verde,4,2021-03-04,2021-05-07,2021-07-30,148,571.94,685.48,18205,1.0,True
Cabo Verde,5,2021-07-31,2021-09-11,2021-11-30,122,116.2,207.85,4607,0.6,False
Cabo Verde,6,2021-12-01,2022-01-12,2022-02-26,87,1458.19,1422.41,17511,1.0,True
Cabo Verde,7,2022-05-07,2022-07-01,2022-08-25,110,394.76,397.74,6245,1.0,True
Canada,1,2020-02-26,2020-04-27,2020-07-05,130,59.73,58.64,105863,0.45,False
Canada,2,2020-08-16,2021-01-06,2021-03-01,197,250.68,264.62,751265,0.85,True
Canada,3,2021-03-02,2021-04-25,2021-07-15,135,197.5,300.93,552625,0.75,False
Canada,4,2021-07-16,2021-09-25,2021-11-22,129,141.69,155.28,349111,0.7,False
Canada,5,2021-11-23,2022-01-13,2022-03-12,109,1110.1,1176.57,1596659,1.0,True
Canada,6,2022-03-13,2022-04-21,2022-06-15,94,167.0,356.8,559470,0.55,False
Canada,7,2022-06-16,2022-07-29,2022-09-21,97,84.83,168.65,336460,0.4,False
Chile,1,2020-02-25,2020-06-13,2020-11-21,270,417.63,417.16,539141,1.0,True
Chile,2,2020-11-22,2021-01-29,2021-02-18,88,185.59,284.51,248999,0.45,False
Chile,3,2021-02-19,2021-04-13,2021-05-12,82,244.45,503.86,472306,0.7,False
Chile,4,2021-05-13,2021-06-08,2021-09-14,124,67.7,493.55,384384,0.3,False
Chile,5,2021-09-15,2021-11-21,2021-12-24,100,136.73,170.47,152799,0.45,False
Chile,6,2021-12-25,2022-02-18,2022-04-28,124,2296.17,2352.11,1756325,1.0,True
Chile,7,2022-04-29,2022-06-24,2022-07-24,86,560.87,714.03,631291,0.6,False
Chile,8,2022-07-25,2022-08-15,2022-09-30,67,74.16,661.21,439060,0.3,False
Chile,9,2022-10-01,2022-11-13,2022-12-21,81,180.71,421.75,367818,0.6,False
Colombia,1,2020-02-27,2020-08-19,2020-10-02,218,289.65,289.58,841532,1.0,True
Colombia,2,2020-11-25,2021-01-18,2021-03-08,103,198.46,418.03,1016367,0.75,False
Colombia,3,2021-03-09,2021-06-27,2021-10-13,218,683.53,778.0,2696795,1.0,True
Colombia,4,2021-12-10,2022-01-23,2022-04-01,112,619.79,660.51,997262,1.0,True
Colombia,5,2022-05-05,2022-07-16,2022-10-24,172,88.82,94.01,216501,0.5,False
Comoros,1,2020-12-07,2021-01-28,2021-03-24,107,110.86,111.5,3066,0.65,False
Comoros,2,2021-11-26,2022-01-05,2022-05-08,163,165.39,172.12,3629,0.7,False
Costa Rica,1,2020-05-13,2020-09-26,2020-11-14,185,319.34,320.96,122419,0.8,False
Costa Rica,2,2021-03-12,2021-05-22,2021-07-24,134,539.1,627.01,190776,1.0,True
Costa Rica,3,2021-07-25,2021-09-14,2021-12-13,141,298.72,643.89,169387,0.9,True
Costa Rica,4,2021-12-14,2022-02-05,2022-04-15,122,1456.34,1446.83,276897,1.0,True
Costa Rica,5,2022-04-16,2022-05-26,2022-06-25,70,301.57,416.42,60042,0.75,False
Costa Rica,6,2022-06-26,2022-07-31,2022-11-26,153,1445.36,1436.78,238663,1.0,True
Costa Rica,7,2022-11-27,2023-01-08,2023-01-23,57,96.46,190.91,33917,0.45,False
Croatia,1,2020-07-26,2020-09-05,2020-09-24,60,53.63,77.91,10780,0.3,False
Croatia,2,2020-09-25,2020-12-08,2021-02-19,147,1056.22,1115.14,223682,1.0,True
Croatia,3,2021-02-20,2021-04-22,2021-07-01,131,575.16,691.02,120721,1.0,True
Croatia,4,2021-07-02,2021-11-21,2021-12-20,171,1587.08,1609.74,315755,0.6,False
Croatia,5,2021-12-21,2022-01-28,2022-06-09,170,1513.12,2637.64,463304,1.0,True
Croatia,6,2022-06-10,2022-07-28,2022-09-23,105,338.99,430.02,88818,0.9,True
Cuba,1,2020-11-18,2021-02-24,2021-03-16,118,97.92,103.51,55331,0.3,False
Cuba,2,2021-06-04,2021-08-17,2021-12-13,192,965.95,1100.47,818126,1.0,True
Cuba,3,2021-12-14,2022-01-27,2022-03-10,86,327.35,329.08,111337,0.9,True
Cyprus,1,2020-09-16,2021-01-04,2021-02-13,150,510.91,515.42,31265,1.0,True
Cyprus,2,2021-02-14,2021-04-26,2021-06-10,116,646.71,779.61,41318,1.0,True
Cyprus,3,2021-06-11,2021-07-25,2021-10-07,118,948.46,993.06,46744,1.0,True
Cyprus,4,2021-10-08,2022-01-15,2022-02-24,139,3394.43,3525.19,192545,0.6,False
Cyprus,5,2022-02-25,2022-03-30,2022-06-01,96,1747.68,4305.21,176557,1.0,True
Cyprus,6,2022-06-02,2022-07-17,2022-09-07,97,1810.34,2078.94,88067,1.0,True
Cyprus,7,2022-09-08,2022-12-02,2023-03-09,182,353.11,661.34,72655,0.9,True
Czechia,1,2020-05-26,2020-11-02,2020-12-06,194,1349.37,1355.54,537831,1.0,True
Czechia,2,2020-12-07,2021-01-12,2021-02-04,59,668.85,1225.43,466519,0.6,False
Czechia,3,2021-02-05,2021-03-10,2021-06-30,145,480.26,1453.33,656149,1.0,True
Czechia,4,2021-08-14,2021-12-02,2021-12-31,139,2002.12,2026.13,800957,0.8,False
Czechia,5,2022-01-01,2022-02-07,2022-06-05,155,3319.02,4279.88,1713633,1.0,True
Czechia,6,2022-06-06,2022-08-06,2022-08-30,85,340.68,372.7,159692,0.6,False
Czechia,7,2022-08-31,2022-10-03,2022-11-16,77,131.76,447.99,188734,0.85,True
Czechia,8,2022-11-17,2022-12-06,2023-01-20,64,63.29,202.71,59138,0.3,False
Czechia,9,2023-01-21,2023-02-20,2023-03-09,47,50.5,87.84,31900,0.25,False
Denmark,1,2020-02-16,2020-04-13,2020-07-09,144,54.17,53.13,13117,0.4,False
Denmark,2,2020-07-10,2020-12-25,2021-02-17,222,657.38,663.46,193168,1.0,True
Denmark,3,2021-02-18,2021-03-29,2021-04-11,52,67.41,167.05,34200,0.2,False
Denmark,4,2021-04-12,2021-05-23,2021-06-28,77,70.79,235.16,55432,0.55,False
Denmark,5,2021-06-29,2021-08-17,2021-09-28,91,147.61,231.33,65622,0.6,False
Denmark,6,2021-09-29,2022-02-09,2022-05-28,241,10240.37,10331.21,2822469,1.0,True
Denmark,7,2022-05-29,2022-07-19,2022-09-14,108,362.52,491.49,148328,1.0,True
Denmark,8,2022-09-15,2022-10-15,2022-11-18,64,95.71,289.98,61877,0.35,False
Denmark,9,2022-11-19,2022-12-22,2023-03-09,110,109.04,262.88,58824,0.4,False
Djibouti,1,2020-03-10,2020-04-24,2020-05-02,53,50.14,48.61,1112,0.2,False
Djibouti,2,2020-05-03,2020-06-03,2020-07-23,81,102.62,147.89,3919,0.7,False
Djibouti,3,2021-02-15,2021-04-10,2021-07-09,144,188.33,190.23,5643,0.75,False
Djibouti,4,2021-08-12,2021-10-05,2021-12-01,111,67.73,69.51,1835,0.45,False
Djibouti,5,2021-12-02,2022-01-18,2022-03-05,93,90.25,87.61,2046,0.5,False
Dominican Republic,1,2020-02-29,2020-07-31,2020-10-29,243,164.4,163.88,125913,0.75,False
Dominican Republic,2,2020-10-30,2021-01-27,2021-04-02,154,131.5,186.58,127868,0.75,False
Dominican Republic,3,2021-04-03,2021-06-11,2021-09-02,152,101.13,151.25,97008,0.55,False
Dominican Republic,4,2021-09-03,2021-11-11,2021-12-12,100,89.12,120.4,59476,0.4,False
Dominican Republic,5,2021-12-13,2022-01-21,2022-04-26,134,553.26,581.94,168849,1.0,True
Dominican Republic,6,2022-04-27,2022-07-07,2022-11-05,192,115.05,119.43,68311,0.75,False
Ecuador,1,2020-03-02,2020-05-02,2020-06-05,95,76.56,75.8,44682,0.5,False
Ecuador,2,2020-12-23,2021-02-02,2021-02-16,55,52.99,102.34,61709,0.25,False
Ecuador,3,2021-02-17,2021-04-30,2021-06-14,117,50.88,150.43,171066,0.45,False
Ecuador,4,2021-12-07,2022-01-29,2022-05-08,152,508.86,531.5,341070,1.0,True
Ecuador,5,2022-05-09,2022-07-28,2022-11-10,185,136.41,151.58,138862,0.75,False
Ecuador,6,2022-11-11,2022-12-26,2023-03-09,118,62.22,66.48,47733,0.4,False
El Salvador,1,2020-03-06,2020-08-05,2020-09-20,198,84.54,84.5,27553,0.5,False
El Salvador,2,2021-12-30,2022-02-20,2022-05-07,128,153.56,164.77,40348,0.7,False
El Salvador,3,2022-05-08,2022-07-16,2022-08-18,102,128.68,127.18,28729,0.7,False
Equatorial Guinea,1,2021-08-01,2021-09-23,2021-12-09,130,89.49,92.2,4719,0.5,False
Equatorial Guinea,2,2021-12-10,2022-01-17,2022-03-01,81,73.38,73.42,2285,0.4,False
Estonia,1,2020-10-13,2021-01-07,2021-01-27,106,537.99,576.96,38083,0.6,False
Estonia,2,2021-01-28,2021-03-18,2021-07-02,155,892.93,1429.48,89157,1.0,True
Estonia,3,2021-07-03,2021-11-03,2021-12-16,166,1491.22,1519.26,99391,1.0,True
Estonia,4,2021-12-17,2022-02-13,2022-06-13,178,5782.82,6237.22,347141,1.0,True
Estonia,5,2022-06-14,2022-08-09,2022-09-16,94,286.24,405.32,22711,1.0,True
Eswatini,1,2020-05-20,2020-08-10,2020-11-10,174,80.87,88.17,5816,0.5,False
Eswatini,2,2020-11-11,2021-01-17,2021-03-21,130,245.38,257.68,11262,0.8,False
Eswatini,3,2021-06-11,2021-08-16,2021-11-09,151,728.74,732.77,27757,1.0,True
Eswatini,4,2021-11-10,2021-12-22,2022-02-09,91,807.9,783.74,22240,1.0,True
Eswatini,5,2022-03-30,2022-05-17,2022-09-18,172,57.31,78.84,3684,0.45,False
Fiji,1,2021-05-14,2021-07-31,2021-12-04,204,1420.95,1423.37,52378,1.0,True
Fiji,2,2021-12-05,2022-01-18,2022-03-14,99,465.24,460.75,11538,1.0,True
Fiji,3,2022-04-22,2022-07-21,2022-10-18,179,90.05,100.45,3724,0.55,False
Finland,1,2020-07-08,2020-12-08,2021-01-10,186,100.9,102.26,31525,0.55,False
Finland,2,2021-01-11,2021-03-18,2021-06-17,157,99.71,165.46,55414,0.55,False
Finland,3,2021-06-18,2021-08-17,2021-09-23,97,149.64,172.87,44320,0.75,False
Finland,4,2021-09-24,2022-01-20,2022-02-24,153,1724.11,1840.98,499102,0.6,False
Finland,5,2022-02-25,2022-03-22,2022-06-24,119,419.42,1857.38,495939,0.7,False
Finland,6,2022-07-18,2022-08-14,2022-09-16,60,367.76,721.05,106439,0.9,True
Finland,7,2022-09-17,2022-10-24,2023-03-09,173,240.04,473.22,186171,0.5,False
France,1,2020-02-23,2020-04-17,2020-05-29,96,117.91,115.78,213105,0.65,False
France,2,2020-07-08,2020-11-07,2020-12-17,162,859.44,870.12,2321603,1.0,True
France,3,2020-12-18,2021-02-05,2021-02-15,59,175.54,423.47,1045288,0.3,False
France,4,2021-02-16,2021-04-10,2021-06-28,132,344.64,765.29,2652544,1.0,True
France,5,2021-06-29,2021-08-16,2021-10-17,110,449.36,494.93,1356938,0.95,True
France,6,2021-10-18,2022-01-26,2022-03-08,141,6614.69,6709.85,16157361,1.0,True
France,7,2022-03-09,2022-04-09,2022-05-31,83,1308.48,2686.8,6394578,0.65,False
France,8,2022-06-01,2022-07-13,2022-09-01,92,1726.79,2175.06,5052728,1.0,True
France,9,2022-09-02,2022-10-15,2022-11-12,71,723.31,1066.68,2523928,0.8,False
France,10,2022-11-13,2022-12-13,2023-02-11,90,516.32,1145.97,2475610,0.95,True
Gabon,1,2020-03-21,2020-06-20,2020-07-18,119,59.32,59.25,6312,0.4,False
Gabon,2,2020-10-21,2021-03-17,2021-08-08,291,91.81,95.8,16578,0.5,False
Gabon,3,2021-08-09,2021-10-10,2021-12-03,116,124.28,129.22,11929,0.7,False
Gabon,4,2021-12-04,2022-01-09,2022-03-16,102,148.95,164.38,10179,0.6,False
Gambia,1,2020-07-01,2020-08-21,2020-10-30,121,50.46,49.9,3721,0.35,False
Georgia,1,2020-08-21,2020-12-06,2021-03-12,203,1365.75,1367.63,273007,1.0,True
Georgia,2,2021-03-13,2021-05-10,2021-06-22,101,328.98,436.19,85678,0.95,True
Georgia,3,2021-06-23,2021-08-22,2021-09-28,97,1268.37,1501.22,249285,1.0,True
Georgia,4,2021-09-29,2021-11-12,2021-12-28,90,884.19,1555.65,318690,0.95,True
Georgia,5,2021-12-29,2022-02-12,2022-04-10,102,5254.17,6029.84,723440,1.0,True
Georgia,6,2022-06-16,2022-08-16,2022-09-04,80,552.17,569.98,76927,1.0,True
Georgia,7,2022-09-05,2022-09-19,2022-10-24,49,74.05,566.98,45009,0.3,False
Georgia,8,2022-10-25,2022-11-29,2023-01-02,69,306.85,309.08,28129,0.65,False
Georgia,9,2023-01-03,2023-02-16,2023-03-09,65,126.26,141.6,18717,0.5,False
Germany,1,2020-02-21,2020-04-09,2020-06-12,112,72.2,70.24,185658,0.45,False
Germany,2,2020-07-12,2020-12-24,2021-02-25,228,357.38,364.27,2216131,0.9,True
Germany,3,2021-02-26,2021-04-24,2021-07-06,130,197.21,324.73,1316877,0.7,False
Germany,4,2021-07-07,2021-09-13,2021-10-06,91,151.98,161.35,540170,0.45,False
Germany,5,2021-10-07,2021-12-05,2021-12-30,84,738.58,869.86,2837448,0.6,False
Germany,6,2021-12-31,2022-02-23,2022-02-25,56,2383.92,2963.16,7289830,0.4,False
Germany,7,2022-02-26,2022-03-26,2022-06-03,97,493.31,3455.82,12053136,1.0,True
Germany,8,2022-06-04,2022-07-17,2022-09-08,96,903.45,1541.06,5933941,1.0,True
Germany,9,2022-09-09,2022-10-19,2022-11-30,82,830.73,1327.56,4077396,0.95,True
Germany,10,2022-12-01,2022-12-22,2023-02-01,62,63.3,489.52,1333305,0.25,False
Greece,1,2020-05-29,2020-11-21,2021-01-17,233,301.61,302.9,145701,0.9,True
Greece,2,2021-01-18,2021-04-12,2021-06-23,156,303.01,377.07,270848,0.95,True
Greece,3,2021-06-24,2021-08-21,2021-10-01,99,331.06,416.86,238913,0.9,True
Greece,4,2021-10-02,2021-11-21,2021-12-06,65,527.22,809.21,312780,0.6,False
Greece,5,2021-12-07,2022-01-15,2022-02-27,82,2540.57,3266.58,1434253,0.8,False
Greece,6,2022-02-28,2022-03-26,2022-05-30,91,436.53,2656.1,1042537,0.6,False
Greece,7,2022-05-31,2022-07-28,2022-09-19,111,2889.92,3352.1,1390873,1.0,True
Greece,8,2022-09-20,2022-11-12,2023-01-28,130,359.51,1089.02,709676,0.85,True
Grenada,1,2021-08-05,2021-09-21,2021-12-06,123,1974.02,1923.08,5745,1.0,True
Grenada,2,2021-12-07,2022-01-22,2022-04-02,116,2581.65,2518.79,8120,1.0,True
Grenada,3,2022-04-03,2022-05-18,2022-07-04,92,1195.25,1279.8,4364,1.0,True
Grenada,4,2022-08-02,2022-08-26,2022-11-27,117,90.51,231.19,830,0.35,False
Guatemala,1,2020-02-28,2020-07-25,2020-11-06,252,79.45,79.44,110502,0.5,False
Guatemala,2,2021-05-23,2021-08-30,2021-12-17,208,203.39,275.76,376343,0.75,False
Guatemala,3,2021-12-18,2022-02-15,2022-05-17,150,229.18,249.24,229831,0.75,False
Guatemala,4,2022-05-18,2022-07-21,2022-11-08,174,305.04,339.59,289938,0.95,True
Guatemala,5,2022-11-09,2022-12-23,2023-03-09,120,91.14,122.19,95029,0.55,False
Guyana,1,2020-06-05,2020-09-28,2020-11-04,152,98.87,102.03,4171,0.5,False
Guyana,2,2021-02-28,2021-05-18,2021-08-03,156,165.15,221.52,14093,0.75,False
Guyana,3,2021-08-04,2021-09-24,2021-12-11,129,259.71,381.62,15810,0.85,True
Guyana,4,2021-12-12,2022-01-22,2022-03-19,97,1131.9,1191.8,24730,1.0,True
Guyana,5,2022-03-20,2022-06-25,2022-10-31,225,150.15,153.33,8254,0.75,False
Honduras,1,2020-02-26,2020-07-16,2020-08-19,175,106.15,106.1,52318,0.55,False
Honduras,2,2020-11-26,2021-02-03,2021-03-20,114,81.69,133.97,75815,0.5,False
Honduras,3,2021-06-08,2021-08-19,2021-12-14,189,93.12,198.41,136238,0.5,False
Honduras,4,2021-12-15,2022-02-25,2022-04-19,125,109.45,113.55,43624,0.6,False
Honduras,5,2022-06-10,2022-08-05,2022-11-02,145,76.37,80.78,31632,0.5,False
Hungary,1,2020-08-05,2020-12-01,2021-01-31,179,725.98,726.49,363033,1.0,True
Hungary,2,2021-02-01,2021-03-28,2021-07-13,162,962.68,1121.59,440970,1.0,True
Hungary,3,2021-07-14,2021-11-30,2021-12-31,170,1249.8,1255.2,447859,0.8,False
Hungary,4,2022-01-01,2022-02-05,2022-03-27,85,1325.75,1860.11,582943,1.0,True
Hungary,5,2022-06-18,2022-08-14,2022-09-20,94,330.15,363.72,147321,1.0,True
Iceland,1,2020-02-16,2020-04-03,2020-05-20,94,221.4,215.24,1803,0.8,False
Iceland,2,2020-08-31,2020-10-20,2020-12-18,109,257.87,279.44,3499,0.85,True
Iceland,3,2021-06-26,2021-08-14,2021-09-27,93,423.37,418.57,5092,1.0,True
Iceland,4,2021-09-28,2021-11-19,2021-12-02,65,398.95,520.84,6476,0.6,False
Iceland,5,2021-12-03,2022-03-04,2022-05-04,152,9967.72,10436.03,167870,1.0,True
Iceland,6,2022-05-05,2022-07-10,2022-10-13,161,978.53,1218.08,20168,1.0,True
Iceland,7,2022-11-27,2022-12-29,2023-02-06,71,111.08,171.51,1885,0.5,False
India,1,2020-03-09,2020-09-21,2021-02-18,346,89.21,89.19,10963355,0.5,False
India,2,2021-02-19,2021-05-10,2021-07-21,152,345.2,356.62,20294326,1.0,True
India,3,2021-12-13,2022-01-27,2022-03-20,97,230.32,231.15,8311530,0.8,False
Indonesia,1,2021-05-22,2021-07-26,2022-01-05,228,188.11,210.82,2499492,0.75,False
Indonesia,2,2022-01-06,2022-02-25,2022-05-05,119,227.22,223.12,1783605,0.75,False
Iran,1,2020-09-03,2020-11-30,2021-01-15,134,174.68,209.98,939543,0.75,False
Iran,2,2021-03-11,2021-04-27,2021-06-14,95,224.34,353.24,1324270,0.75,False
Iran,3,2021-06-15,2021-08-20,2022-01-02,201,459.1,606.53,3157481,1.0,True
Iran,4,2022-01-03,2022-02-14,2022-04-05,92,390.95,408.57,978867,0.95,True
Iran,5,2022-06-16,2022-08-05,2022-12-10,177,117.29,116.85,325884,0.65,False
Iraq,1,2020-05-03,2020-09-19,2021-01-18,260,146.69,147.75,606810,0.75,False
Iraq,2,2021-01-19,2021-04-21,2021-06-03,135,224.41,248.93,605338,0.75,False
Iraq,3,2021-06-04,2021-08-05,2021-12-23,202,221.15,358.22,877467,0.75,False
Iraq,4,2021-12-24,2022-02-04,2022-05-29,156,185.55,193.26,236074,0.75,False
Iraq,5,2022-05-30,2022-07-19,2022-09-18,111,108.21,109.07,130601,0.65,False
Ireland,1,2020-02-28,2020-04-21,2020-06-27,120,171.42,168.12,25437,0.75,False
Ireland,2,2020-06-28,2020-10-25,2020-12-03,158,239.42,241.41,47791,0.8,False
Ireland,3,2020-12-04,2021-01-16,2021-04-27,144,955.24,1007.24,174261,1.0,True
Ireland,4,2021-06-21,2021-08-24,2021-09-29,100,386.42,477.99,122534,1.0,True
Ireland,5,2021-09-30,2022-01-12,2022-02-28,151,4001.17,4370.36,917289,1.0,True
Ireland,6,2022-03-01,2022-03-28,2022-05-06,66,452.65,1485.46,221941,0.6,False
Ireland,7,2022-05-07,2022-05-23,2022-06-12,36,62.91,411.74,48156,0.25,False
Ireland,8,2022-06-13,2022-07-13,2022-09-17,96,213.31,506.76,90116,0.65,False
Ireland,9,2022-11-26,2023-01-11,2023-03-09,103,62.52,128.95,25675,0.4,False
Israel,1,2020-02-24,2020-04-10,2020-05-24,90,72.22,70.08,16688,0.45,False
Israel,2,2020-05-25,2020-07-30,2020-08-15,82,246.98,249.54,75681,0.5,False
Israel,3,2020-08-16,2020-09-30,2020-11-15,91,553.0,782.26,231746,1.0,True
Israel,4,2020-11-16,2021-01-23,2021-06-09,205,1105.07,1188.44,515550,1.0,True
Israel,5,2021-06-10,2021-09-08,2021-12-13,186,1370.21,1371.12,512579,1.0,True
Israel,6,2021-12-14,2022-01-31,2022-03-16,92,9705.54,9551.48,2386330,1.0,True
Israel,7,2022-03-17,2022-04-03,2022-05-20,64,326.83,1497.86,381630,0.5,False
Israel,8,2022-05-21,2022-07-08,2022-09-09,111,1296.19,1582.57,521236,1.0,True
Israel,9,2022-10-21,2022-12-09,2023-03-09,139,132.08,246.6,128410,0.75,False
Italy,1,2020-02-13,2020-04-05,2020-07-15,153,109.15,106.45,243651,0.65,False
Italy,2,2020-09-19,2020-11-19,2021-02-08,142,706.76,729.95,2349775,1.0,True
Italy,3,2021-02-09,2021-03-23,2021-06-30,141,217.15,498.72,1615202,0.75,False
Italy,4,2021-07-01,2021-08-25,2021-10-13,104,128.72,147.91,447178,0.7,False
Italy,5,2021-10-14,2022-01-22,2022-03-06,143,3631.85,3696.92,8319025,1.0,True
Italy,6,2022-03-07,2022-04-06,2022-06-04,89,510.81,1556.11,4464339,0.6,False
Italy,7,2022-06-05,2022-07-17,2022-09-09,96,1505.95,1980.32,4529703,1.0,True
Italy,8,2022-09-10,2022-10-17,2022-11-11,62,431.55,824.89,1803038,0.75,False
Italy,9,2022-11-12,2022-12-06,2023-03-09,117,139.53,709.41,1780318,0.45,False
Jamaica,1,2020-07-20,2020-09-27,2020-11-15,118,64.99,66.62,9094,0.5,False
Jamaica,2,2021-01-04,2021-03-21,2021-07-04,181,222.04,252.82,37193,0.75,False
Jamaica,3,2021-07-05,2021-09-07,2021-12-08,156,287.61,307.35,41336,0.9,True
Jamaica,4,2021-12-09,2022-01-20,2022-03-15,96,460.01,469.13,36840,1.0,True
Jamaica,5,2022-03-16,2022-06-03,2022-07-19,125,125.52,130.67,16514,0.7,False
Japan,1,2020-10-04,2021-01-18,2021-03-09,156,52.16,57.25,356295,0.35,False
Japan,2,2021-07-01,2021-08-27,2021-10-29,120,201.13,214.69,922248,0.75,False
Japan,3,2021-12-23,2022-02-16,2022-06-20,179,932.53,914.77,7430468,1.0,True
Japan,4,2022-06-21,2022-08-16,2022-10-16,117,2181.29,2315.79,12625771,1.0,True
Japan,5,2022-10-17,2023-01-01,2023-03-09,143,1377.72,1716.59,11534134,1.0,True
Jordan,1,2020-07-23,2020-11-22,2021-01-27,188,670.12,670.88,321991,1.0,True
Jordan,2,2021-01-28,2021-03-26,2021-06-29,152,884.49,1003.4,427775,1.0,True
Jordan,3,2021-06-30,2021-08-25,2021-09-06,68,52.91,118.54,51463,0.3,False
Jordan,4,2021-09-07,2021-12-08,2022-01-04,119,460.81,578.48,267200,0.6,False
Jordan,5,2022-01-05,2022-02-14,2022-04-26,111,1744.8,2049.03,626196,1.0,True
Jordan,6,2022-04-27,2022-08-17,2022-10-31,187,109.12,108.47,51252,0.75,False
Kazakhstan,1,2020-03-03,2020-07-17,2020-10-07,218,148.15,148.03,142239,0.75,False
Kazakhstan,2,2020-10-08,2020-12-05,2020-12-29,82,51.16,67.78,57316,0.3,False
Kazakhstan,3,2021-03-06,2021-04-30,2021-06-17,103,142.45,203.44,195992,0.7,False
Kazakhstan,4,2021-06-18,2021-08-05,2021-12-18,183,604.84,685.15,663114,1.0,True
Kazakhstan,5,2021-12-19,2022-01-28,2022-03-21,92,678.7,699.32,326922,1.0,True
Kazakhstan,6,2022-06-16,2022-08-05,2022-10-29,135,161.86,159.05,90673,0.75,False
Kiribati,1,2022-01-01,2022-02-12,2022-04-02,91,1199.43,1157.39,3068,1.0,True
Kiribati,2,2022-04-03,2022-06-13,2022-07-03,91,59.73,52.14,170,0.3,False
Kiribati,3,2022-07-04,2022-07-28,2022-09-05,63,59.85,86.31,194,0.5,False
Kiribati,4,2022-12-08,2023-01-16,2023-02-24,78,733.93,704.46,1583,1.0,True
"Korea, South",1,2021-10-26,2021-12-19,2022-01-15,81,114.67,159.6,337819,0.4,False
"Korea, South",2,2022-01-16,2022-03-25,2022-06-21,156,9062.96,9121.2,17606167,1.0,True
"Korea, South",3,2022-06-22,2022-08-20,2022-10-14,114,2962.81,3135.41,6800655,1.0,True
"Korea, South",4,2022-10-15,2022-12-24,2023-03-09,145,1135.57,1765.63,5516526,1.0,True
Kosovo,1,2020-05-24,2020-08-05,2020-10-03,132,152.66,158.78,14733,0.75,False
Kosovo,2,2020-10-04,2020-11-26,2021-01-09,97,493.67,525.93,37506,1.0,True
Kosovo,3,2021-01-10,2021-04-04,2021-07-16,187,376.55,566.78,54630,0.95,True
Kosovo,4,2021-07-17,2021-08-31,2021-10-20,95,1147.69,1129.34,52678,1.0,True
Kosovo,5,2021-12-20,2022-02-02,2022-03-22,92,1566.9,1525.29,65929,1.0,True
Kosovo,6,2022-06-13,2022-08-03,2022-09-29,108,833.63,821.32,43620,1.0,True
Kuwait,1,2020-01-29,2020-05-30,2020-06-25,148,263.66,263.65,42788,0.6,False
Kuwait,2,2020-12-23,2021-04-18,2021-05-21,149,376.59,455.87,148699,0.85,True
Kuwait,3,2021-05-22,2021-07-03,2021-12-10,202,193.24,561.85,116431,0.65,False
Kuwait,4,2021-12-11,2022-02-01,2022-05-10,150,1675.66,1645.96,218261,1.0,True
Kuwait,5,2022-05-11,2022-07-02,2022-09-14,126,116.22,128.7,25847,0.75,False
Kyrgyzstan,1,2020-06-01,2020-07-25,2020-09-13,104,225.71,230.12,43133,0.8,False
Kyrgyzstan,2,2020-09-14,2020-11-09,2021-03-06,173,98.4,111.2,41625,0.5,False
Kyrgyzstan,3,2021-03-07,2021-05-11,2021-05-23,77,54.15,64.26,16005,0.2,False
Kyrgyzstan,4,2021-05-24,2021-07-17,2021-10-01,130,211.22,273.33,76097,0.8,False
Kyrgyzstan,5,2021-12-17,2022-01-26,2022-03-17,90,95.12,101.58,16682,0.55,False
Laos,1,2021-06-19,2021-08-22,2021-09-09,82,53.85,54.28,14695,0.3,False
Laos,2,2021-09-10,2021-12-11,2022-02-25,168,199.86,246.98,125495,0.75,False
Laos,3,2022-02-26,2022-04-05,2022-06-14,108,281.82,327.13,67929,0.85,True
Latvia,1,2020-09-04,2021-01-13,2021-04-03,211,650.79,653.27,102457,1.0,True
Latvia,2,2021-04-04,2021-05-06,2021-07-18,105,76.01,437.56,34292,0.3,False
Latvia,3,2021-07-19,2021-10-30,2021-12-20,154,1549.06,1576.58,129306,1.0,True
Latvia,4,2021-12-21,2022-02-20,2022-06-07,168,6597.64,6993.77,562175,1.0,True
Latvia,5,2022-06-08,2022-08-10,2022-09-07,91,853.19,960.7,74450,0.8,False
Latvia,6,2022-09-08,2022-09-30,2022-11-23,76,133.45,801.68,56996,0.45,False
Lebanon,1,2020-06-19,2020-11-14,2020-12-06,170,320.48,323.64,135617,0.6,False
Lebanon,2,2020-12-07,2021-01-21,2021-02-22,77,510.16,801.94,219502,1.0,True
Lebanon,3,2021-02-23,2021-03-21,2021-06-22,119,78.33,624.26,187084,0.3,False
Lebanon,4,2021-06-23,2021-08-20,2021-10-15,114,253.35,277.7,89083,0.85,True
Lebanon,5,2021-10-16,2022-02-03,2022-05-25,221,1357.9,1467.25,466010,1.0,True
Lebanon,6,2022-05-26,2022-07-30,2022-12-06,194,442.32,452.63,122009,1.0,True
Lesotho,1,2020-11-28,2021-01-19,2021-03-21,113,117.14,118.61,8426,0.65,False
Lesotho,2,2021-09-04,2021-10-07,2021-11-14,71,176.83,177.95,7296,0.7,False
Lesotho,3,2021-11-15,2021-12-30,2022-02-20,97,193.53,183.37,10743,0.7,False
Libya,1,2020-05-09,2020-10-30,2021-01-04,240,183.18,183.25,101911,0.65,False
Libya,2,2021-02-22,2021-03-26,2021-06-13,111,62.98,172.74,59262,0.4,False
Libya,3,2021-06-14,2021-08-06,2021-12-23,192,425.22,466.39,194946,1.0,True
Libya,4,2021-12-24,2022-02-11,2022-04-12,109,462.48,554.97,117829,1.0,True
Lithuania,1,2020-07-03,2020-12-23,2021-03-04,244,1383.94,1385.76,199133,1.0,True
Lithuania,2,2021-03-05,2021-05-05,2021-07-06,123,360.15,594.06,78436,0.95,True
Lithuania,3,2021-07-07,2021-11-02,2021-12-20,166,1397.21,1411.8,227828,1.0,True
Lithuania,4,2021-12-21,2022-02-11,2022-06-01,162,4621.87,5346.98,648287,1.0,True
Lithuania,5,2022-06-02,2022-08-15,2022-09-08,98,532.05,592.13,69433,0.6,False
Lithuania,6,2022-11-19,2022-12-21,2023-01-27,69,69.48,199.98,22861,0.3,False
Luxembourg,1,2020-02-21,2020-04-04,2020-06-05,105,251.59,242.86,4032,0.85,True
Luxembourg,2,2020-06-06,2020-07-28,2020-09-03,89,178.62,182.92,4127,0.7,False
Luxembourg,3,2020-09-04,2020-11-17,2021-01-25,143,1252.32,1334.99,42922,1.0,True
Luxembourg,4,2021-01-26,2021-04-03,2021-06-17,142,189.61,471.4,20770,0.7,False
Luxembourg,5,2021-06-18,2021-07-19,2021-08-17,60,149.22,215.06,4276,0.55,False
Luxembourg,6,2021-08-18,2022-01-29,2022-03-04,198,4057.7,4189.59,111581,1.0,True
Luxembourg,7,2022-03-05,2022-04-02,2022-05-31,87,906.53,2488.19,61575,0.6,False
Luxembourg,8,2022-06-01,2022-07-11,2022-08-31,91,1076.14,1656.28,38892,1.0,True
Luxembourg,9,2022-09-01,2022-10-17,2022-11-22,82,554.84,797.7,18607,0.95,True
Luxembourg,10,2022-11-23,2022-12-18,2023-02-07,76,71.46,416.15,9640,0.3,False
Malaysia,1,2020-08-30,2021-02-05,2021-03-30,212,165.2,165.5,334701,0.75,False
Malaysia,2,2021-03-31,2021-06-06,2021-06-23,84,226.33,280.7,366988,0.45,False
Malaysia,3,2021-06-24,2021-08-28,2021-11-14,143,660.43,913.79,1835303,1.0,True
Malaysia,4,2022-01-13,2022-03-10,2022-06-01,139,1107.35,1221.44,1713086,1.0,True
Malaysia,5,2022-06-02,2022-08-02,2022-10-05,125,105.64,175.72,340103,0.7,False
Malaysia,6,2022-10-06,2022-11-13,2023-03-09,154,61.09,134.16,196404,0.35,False
Maldives,1,2020-03-29,2020-05-22,2020-06-28,91,111.09,109.33,2308,0.65,False
Maldives,2,2020-06-29,2020-08-26,2020-11-04,128,288.37,337.09,9498,0.9,True
Maldives,3,2020-12-25,2021-02-27,2021-04-07,103,313.55,370.59,11633,0.75,False
Maldives,4,2021-04-08,2021-05-25,2021-07-19,102,2689.31,2982.8,50828,1.0,True
Maldives,5,2021-07-20,2021-09-07,2021-10-12,84,74.05,341.51,9713,0.4,False
Maldives,6,2021-10-13,2021-11-14,2021-12-18,66,116.75,351.02,8132,0.4,False
Maldives,7,2021-12-19,2022-02-04,2022-05-28,160,4812.67,4992.55,85798,1.0,True
Maldives,8,2022-05-29,2022-07-09,2022-09-30,124,296.94,319.38,5380,0.9,True
Malta,1,2020-07-08,2020-08-27,2020-09-06,60,119.59,118.56,1408,0.3,False
Malta,2,2020-09-07,2020-11-15,2020-12-19,103,287.06,402.77,9582,1.0,True
Malta,3,2020-12-20,2021-01-24,2021-02-06,48,204.52,503.78,6955,0.35,False
Malta,4,2021-02-07,2021-03-12,2021-06-13,126,300.88,783.53,12005,1.0,True
Malta,5,2021-06-14,2021-07-27,2021-10-18,126,423.18,416.48,6883,1.0,True
Malta,6,2021-10-19,2022-01-08,2022-02-27,131,2340.0,2389.03,33771,1.0,True
Malta,7,2022-02-28,2022-04-10,2022-05-26,87,1340.95,1605.49,23119,1.0,True
Malta,8,2022-05-27,2022-07-08,2022-09-09,105,1225.26,1447.22,19874,1.0,True
Mauritania,1,2020-10-28,2020-12-24,2021-03-03,126,54.47,55.89,9572,0.4,False
Mauritania,2,2021-06-19,2021-08-13,2021-10-16,119,73.18,84.66,16357,0.5,False
Mauritania,3,2021-12-08,2022-01-16,2022-03-03,85,165.38,176.55,19017,0.7,False
Mauritius,1,2021-05-06,2021-09-03,2021-10-07,154,286.37,289.68,14948,0.75,False
Mauritius,2,2021-10-08,2021-11-18,2022-01-01,85,1254.94,1314.79,52505,1.0,True
Mauritius,3,2022-01-02,2022-02-16,2022-06-12,161,2377.25,2538.05,158299,1.0,True
Mauritius,4,2022-06-13,2022-08-03,2022-10-17,126,522.07,634.26,36929,1.0,True
Mauritius,5,2022-10-18,2022-12-12,2023-03-09,142,631.52,712.0,32262,1.0,True
Mexico,1,2020-03-06,2020-07-31,2020-09-19,197,71.38,71.31,694116,0.5,False
Mexico,2,2020-11-03,2021-01-25,2021-05-24,202,98.93,157.6,1464152,0.5,False
Mexico,3,2021-05-25,2021-08-19,2021-12-12,201,164.46,189.61,1520054,0.75,False
Mexico,4,2021-12-13,2022-01-30,2022-05-13,151,369.81,386.58,1828691,1.0,True
Mexico,5,2022-05-14,2022-07-20,2022-11-10,180,255.06,260.86,1371253,0.85,True
Micronesia,1,2022-06-26,2022-08-05,2022-09-01,67,3192.38,3072.78,8343,0.8,False
Micronesia,2,2022-09-02,2022-10-11,2022-11-21,80,4519.92,5478.02,14347,1.0,True
Micronesia,3,2022-11-22,2023-02-15,2023-03-09,107,736.99,557.0,1745,1.0,True
Moldova,1,2020-03-02,2020-06-26,2020-07-15,135,99.99,99.17,20040,0.3,False
Moldova,2,2020-07-16,2020-10-15,2020-10-23,99,162.89,249.31,50216,0.3,False
Moldova,3,2020-10-24,2020-12-10,2021-01-23,91,222.15,468.88,85681,0.9,True
Moldova,4,2021-01-24,2021-03-23,2021-06-17,144,344.46,509.89,100057,0.9,True
Moldova,5,2021-06-18,2021-10-25,2021-12-23,188,490.1,506.3,117758,1.0,True
Moldova,6,2021-12-24,2022-02-05,2022-06-17,175,1030.16,1130.13,145700,1.0,True
Moldova,7,2022-06-18,2022-08-18,2022-11-29,164,440.58,446.98,75621,1.0,True
Moldova,8,2023-01-10,2023-02-22,2023-03-09,58,62.75,78.94,14226,0.35,False
Mongolia,1,2021-02-21,2021-04-30,2021-05-22,90,418.26,431.37,49345,0.6,False
Mongolia,2,2021-05-23,2021-07-01,2021-08-08,77,612.03,915.67,122672,1.0,True
Mongolia,3,2021-08-09,2021-10-11,2021-12-22,135,2423.61,2922.14,514264,1.0,True
Mongolia,4,2021-12-23,2022-01-30,2022-04-20,118,2099.92,2340.97,231424,1.0,True
Mongolia,5,2022-04-21,2022-05-31,2022-06-29,69,73.83,92.91,9712,0.3,False
Mongolia,6,2022-06-30,2022-08-12,2022-10-13,105,555.65,577.27,55310,1.0,True
Mongolia,7,2022-10-14,2022-12-17,2023-01-29,107,231.8,251.68,23969,0.8,False
Montenegro,1,2020-06-03,2020-07-26,2020-08-19,77,200.21,195.63,3850,0.45,False
Montenegro,2,2020-08-20,2020-10-08,2020-10-11,52,415.53,538.11,9695,0.4,False
Montenegro,3,2020-10-12,2020-11-24,2020-12-31,80,693.36,1231.16,34378,1.0,True
Montenegro,4,2021-01-01,2021-03-10,2021-07-03,183,332.7,1207.38,52069,0.75,False
Montenegro,5,2021-07-04,2021-09-10,2021-10-15,103,1265.1,1288.26,36730,1.0,True
Montenegro,6,2021-10-16,2021-11-08,2021-12-08,53,188.02,1109.26,21988,0.45,False
Montenegro,7,2021-12-09,2022-01-16,2022-04-13,125,3313.04,3786.98,74874,1.0,True
Montenegro,8,2022-06-07,2022-08-04,2022-11-30,176,1664.85,1773.92,46156,1.0,True
Montenegro,9,2022-12-01,2023-02-19,2023-03-09,98,87.88,145.97,5089,0.3,False
Morocco,1,2020-06-04,2020-11-19,2021-03-08,277,173.84,176.65,478403,0.75,False
Morocco,2,2021-06-17,2021-08-17,2021-12-06,172,299.79,309.42,425668,0.9,True
Morocco,3,2021-12-07,2022-01-23,2022-03-18,101,213.47,211.95,211731,0.75,False
Morocco,4,2022-05-11,2022-07-06,2022-09-09,121,87.99,88.65,99256,0.5,False
Mozambique,1,2021-05-31,2021-07-30,2021-11-20,173,69.72,69.93,80708,0.5,False
Mozambique,2,2021-11-21,2022-01-07,2022-02-26,97,94.24,92.07,73548,0.55,False
Namibia,1,2020-06-02,2020-09-01,2020-11-11,162,110.72,110.32,13267,0.65,False
Namibia,2,2020-11-12,2021-01-07,2021-02-19,99,211.23,230.03,23701,0.75,False
Namibia,3,2021-05-01,2021-07-05,2021-11-15,198,711.6,786.98,80709,1.0,True
Namibia,4,2021-11-16,2021-12-29,2022-03-29,133,395.2,390.02,28562,0.95,True
Namibia,5,2022-03-30,2022-05-30,2022-07-26,118,156.92,163.48,11631,0.75,False
Nepal,1,2020-07-26,2020-10-25,2021-03-28,245,141.57,150.33,258356,0.75,False
Nepal,2,2021-03-29,2021-05-21,2021-07-10,103,376.07,373.4,377373,1.0,True
Nepal,3,2021-12-18,2022-01-28,2022-03-17,89,219.54,222.64,152662,0.8,False
Netherlands,1,2020-02-21,2020-04-13,2020-07-06,136,82.94,81.02,50907,0.5,False
Netherlands,2,2020-07-07,2020-10-30,2020-11-25,141,666.4,672.22,460120,0.8,False
Netherlands,3,2020-11-26,2020-12-27,2021-02-15,81,297.8,766.4,538055,0.85,True
Netherlands,4,2021-02-16,2021-04-22,2021-06-20,124,333.74,641.52,658088,0.9,True
Netherlands,5,2021-06-21,2021-07-23,2021-09-29,100,408.07,502.73,334163,0.85,True
Netherlands,6,2021-09-30,2021-12-02,2021-12-24,85,1475.77,1623.49,1055765,0.6,False
Netherlands,7,2021-12-25,2022-02-11,2022-05-13,139,5129.64,6350.32,5068794,1.0,True
Netherlands,8,2022-05-14,2022-07-13,2022-09-07,116,400.06,456.92,337355,1.0,True
Netherlands,9,2022-09-08,2022-10-18,2022-12-05,88,151.06,237.7,154321,0.6,False
New Zealand,1,2022-01-29,2022-03-20,2022-06-17,139,5281.14,5165.32,1259627,1.0,True
New Zealand,2,2022-06-18,2022-07-19,2022-09-23,97,898.31,2611.61,500388,0.95,True
New Zealand,3,2022-09-24,2022-12-19,2023-03-09,166,1136.13,1470.22,459951,1.0,True
North Macedonia,1,2020-05-13,2020-07-09,2020-09-11,121,86.01,99.41,13881,0.4,False
North Macedonia,2,2020-09-12,2020-11-24,2021-02-01,142,634.43,702.36,77198,1.0,True
North Macedonia,3,2021-02-02,2021-04-04,2021-07-11,159,514.68,697.3,63044,1.0,True
North Macedonia,4,2021-07-12,2021-08-31,2021-10-14,94,526.18,519.6,40166,1.0,True
North Macedonia,5,2021-10-15,2021-11-13,2021-12-15,61,63.75,298.5,24206,0.25,False
North Macedonia,6,2021-12-16,2022-01-31,2022-06-13,179,879.47,1065.64,92438,1.0,True
North Macedonia,7,2022-06-14,2022-08-05,2022-11-16,155,355.18,388.07,31759,1.0,True
Norway,1,2020-02-14,2020-04-02,2020-06-08,115,51.31,49.84,8561,0.35,False
Norway,2,2020-07-14,2020-11-20,2020-12-15,154,132.78,135.22,32868,0.45,False
Norway,3,2021-02-13,2021-03-29,2021-07-10,147,149.98,217.55,66864,0.65,False
Norway,4,2021-07-11,2021-09-09,2021-10-14,95,259.55,301.49,62285,0.85,True
Norway,5,2021-10-15,2022-02-10,2022-05-22,219,4707.03,4827.96,1235906,1.0,True
Norway,6,2022-05-23,2022-07-01,2022-10-02,132,68.48,127.22,31165,0.45,False
Oman,1,2020-03-01,2020-07-15,2020-08-28,180,368.19,368.08,84999,1.0,True
Oman,2,2020-08-29,2020-10-12,2021-01-05,129,115.69,162.95,44769,0.55,False
Oman,3,2021-01-06,2021-04-21,2021-05-20,134,277.03,317.71,78833,0.75,False
Oman,4,2021-05-21,2021-06-29,2021-12-16,209,290.59,494.51,96176,0.9,True
Oman,5,2021-12-17,2022-02-09,2022-04-19,123,526.27,520.48,84139,1.0,True
Oman,6,2022-05-31,2022-08-01,2022-09-17,109,50.06,52.46,8520,0.35,False
Panama,1,2020-02-27,2020-04-30,2020-05-10,73,60.79,59.6,8448,0.2,False
Panama,2,2020-05-11,2020-07-25,2020-10-02,144,282.34,340.5,105514,1.0,True
Panama,3,2020-10-19,2021-01-06,2021-04-24,187,796.95,1006.42,237951,1.0,True
Panama,4,2021-04-25,2021-07-15,2021-12-06,225,239.03,339.73,116357,0.75,False
Panama,5,2021-12-07,2022-01-27,2022-03-22,105,2285.24,2305.6,282955,1.0,True
Panama,6,2022-03-23,2022-06-01,2022-08-02,132,937.35,980.77,192361,1.0,True
Panama,7,2022-10-24,2022-12-14,2023-03-09,136,255.96,278.29,42726,0.85,True
Papua New Guinea,1,2021-08-23,2021-10-29,2022-01-07,137,50.11,50.52,18494,0.35,False
Paraguay,1,2020-06-01,2020-09-28,2020-11-10,162,151.18,154.53,67511,0.75,False
Paraguay,2,2021-02-03,2021-06-04,2021-10-09,248,384.84,539.87,325689,0.95,True
Paraguay,3,2021-12-16,2022-02-02,2022-04-11,116,954.62,945.15,184442,1.0,True
Paraguay,4,2022-05-30,2022-07-22,2022-09-18,111,318.63,324.03,65348,0.95,True
Paraguay,5,2022-11-02,2022-12-10,2023-03-09,127,486.97,474.35,90446,1.0,True
Peru,1,2020-03-13,2020-06-06,2020-07-08,117,206.93,205.89,312896,0.6,False
Peru,2,2020-07-09,2020-08-26,2020-12-20,164,175.39,322.1,682988,0.8,False
Peru,3,2020-12-21,2021-02-22,2021-03-05,74,220.08,284.41,353948,0.3,False
Peru,4,2021-03-06,2021-04-12,2021-10-15,223,79.99,360.16,838504,0.8,False
Peru,5,2021-12-13,2022-01-28,2022-03-27,104,1425.12,1445.59,1291030,1.0,True
Peru,6,2022-05-31,2022-07-31,2022-10-22,144,417.56,439.84,571937,1.0,True
Peru,7,2022-10-23,2022-12-16,2023-02-15,115,356.17,364.78,401343,0.95,True
Philippines,1,2021-02-14,2021-04-16,2021-05-29,104,105.86,126.42,669327,0.65,False
Philippines,2,2021-07-15,2021-09-17,2021-12-12,150,180.42,247.07,1351135,0.75,False
Philippines,3,2021-12-13,2022-01-24,2022-03-18,95,308.91,302.77,836963,0.9,True
Poland,1,2020-09-16,2020-11-17,2021-02-07,144,786.94,800.99,1475121,1.0,True
Poland,2,2021-02-08,2021-04-03,2021-07-10,152,683.03,880.29,1330500,1.0,True
Poland,3,2021-07-11,2021-12-06,2022-01-03,176,807.33,810.17,1253096,0.8,False
Poland,4,2022-01-04,2022-02-07,2022-06-14,161,885.91,1390.8,1876560,1.0,True
Poland,5,2022-06-15,2022-09-21,2022-11-24,162,138.22,144.09,340016,0.35,False
Portugal,1,2020-02-25,2020-04-13,2020-05-25,90,91.55,88.96,30949,0.5,False
Portugal,2,2020-08-13,2020-11-22,2020-12-19,128,698.1,724.55,317564,0.6,False
Portugal,3,2020-12-20,2021-01-27,2021-03-24,94,877.78,1387.06,448000,1.0,True
Portugal,4,2021-05-17,2021-07-26,2021-10-13,149,348.77,400.28,235004,1.0,True
Portugal,5,2021-10-14,2022-01-31,2022-04-15,183,6384.63,6465.85,2804160,1.0,True
Portugal,6,2022-04-16,2022-06-01,2022-08-25,131,1977.63,3245.53,1524749,1.0,True
Qatar,1,2020-02-16,2020-06-05,2020-10-13,240,819.77,819.55,128405,1.0,True
Qatar,2,2020-12-23,2021-04-18,2021-07-10,199,343.98,420.23,80964,1.0,True
Qatar,3,2021-12-08,2022-01-22,2022-03-25,107,1380.71,1412.4,116074,1.0,True
Qatar,4,2022-05-05,2022-07-29,2022-09-01,119,395.92,438.11,65137,1.0,True
Qatar,5,2022-09-02,2022-10-01,2022-11-23,82,73.94,369.1,46720,0.35,False
Romania,1,2020-06-05,2020-08-19,2020-09-07,94,75.1,87.93,75990,0.3,False
Romania,2,2020-09-08,2020-11-23,2021-02-10,155,489.32,573.15,656585,1.0,True
Romania,3,2021-02-11,2021-03-31,2021-07-06,145,209.8,383.65,328548,0.7,False
Romania,4,2021-07-07,2021-10-22,2021-12-19,165,985.23,988.25,717175,1.0,True
Romania,5,2021-12-20,2022-02-08,2022-06-14,176,1683.91,1701.25,1114673,1.0,True
Romania,6,2022-06-15,2022-08-06,2022-11-29,167,486.06,495.48,383956,1.0,True
Russia,1,2020-03-17,2020-05-22,2020-08-31,167,93.98,92.89,992312,0.4,False
Russia,2,2020-09-01,2020-12-22,2021-05-17,258,219.49,264.83,3900536,0.75,False
Russia,3,2021-05-18,2021-07-23,2021-09-11,116,151.8,229.97,2126262,0.75,False
Russia,4,2021-09-12,2021-11-13,2022-01-04,114,189.91,364.78,3370852,0.75,False
Russia,5,2022-01-05,2022-02-19,2022-07-03,179,1339.18,1514.36,7780604,1.0,True
Russia,6,2022-07-04,2022-09-17,2022-11-18,137,445.3,470.48,3049171,1.0,True
Russia,7,2023-01-14,2023-02-18,2023-03-09,54,62.24,106.58,537525,0.25,False
Rwanda,1,2021-05-26,2021-07-24,2021-11-26,184,108.18,112.59,73531,0.65,False
Rwanda,2,2021-11-27,2022-01-09,2022-02-28,93,90.11,89.07,29191,0.55,False
Saint Lucia,1,2020-12-20,2021-02-18,2021-04-12,113,585.35,596.29,4073,1.0,True
Saint Lucia,2,2021-04-13,2021-05-21,2021-07-12,90,70.41,132.68,1061,0.3,False
Saint Lucia,3,2021-07-13,2021-09-07,2021-12-08,148,894.86,941.63,7651,1.0,True
Saint Lucia,4,2021-12-09,2022-01-24,2022-03-28,109,1865.15,1879.95,9874,1.0,True
Saint Lucia,5,2022-03-29,2022-05-28,2022-07-11,104,603.36,629.95,4396,1.0,True
Saint Vincent and the Grenadines,1,2020-12-12,2021-02-03,2021-03-30,108,432.54,429.39,1645,1.0,True
Saint Vincent and the Grenadines,2,2021-08-19,2021-10-09,2021-12-18,121,745.38,745.35,3438,1.0,True
Saint Vincent and the Grenadines,3,2021-12-19,2022-01-31,2022-03-15,86,1463.12,1571.86,4109,1.0,True
Saint Vincent and the Grenadines,4,2022-03-16,2022-06-10,2022-07-07,113,201.6,166.55,753,0.75,False
Samoa,1,2022-02-27,2022-04-26,2022-08-08,162,1889.16,1849.56,15372,1.0,True
Samoa,2,2022-08-09,2022-08-30,2022-10-30,82,51.95,117.76,541,0.3,False
Samoa,3,2023-01-01,2023-02-20,2023-03-09,67,143.93,146.76,625,0.65,False
Sao Tome and Principe,1,2020-04-04,2020-06-03,2020-07-11,98,93.51,91.61,727,0.4,False
Sao Tome and Principe,2,2020-12-20,2021-03-03,2021-06-18,180,132.06,136.9,1348,0.75,False
Sao Tome and Principe,3,2021-06-19,2021-09-27,2021-12-04,168,186.22,191.2,1372,0.75,False
Sao Tome and Principe,4,2021-12-05,2022-01-16,2022-03-01,86,480.54,463.59,2202,0.95,True
Saudi Arabia,1,2020-03-05,2020-06-30,2021-01-07,308,151.58,151.35,363484,0.75,False
Saudi Arabia,2,2021-12-08,2022-01-27,2022-04-01,114,186.41,183.29,200913,0.75,False
Senegal,1,2021-06-09,2021-07-31,2021-12-03,177,59.1,61.24,32282,0.4,False
Serbia,1,2020-06-05,2020-07-27,2020-10-04,121,50.5,58.12,22330,0.3,False
Serbia,2,2020-10-05,2020-12-09,2021-01-30,117,1037.54,1038.98,359996,1.0,True
Serbia,3,2021-01-31,2021-03-28,2021-07-05,155,498.64,752.05,323086,0.95,True
Serbia,4,2021-07-06,2021-10-09,2021-12-17,164,1083.92,1095.92,563661,1.0,True
Serbia,5,2021-12-18,2022-02-01,2022-06-10,174,2180.21,2354.02,739334,1.0,True
Serbia,6,2022-06-11,2022-08-14,2022-11-22,164,867.72,899.05,398995,1.0,True
Serbia,7,2022-11-23,2022-12-23,2023-03-09,106,68.77,167.84,90589,0.3,False
Singapore,1,2020-03-11,2020-05-07,2020-07-07,118,176.08,174.97,44980,0.75,False
Singapore,2,2021-08-22,2021-10-29,2021-12-30,130,805.93,815.92,212618,1.0,True
Singapore,3,2021-12-31,2022-03-05,2022-05-01,121,3896.16,3937.69,914189,1.0,True
Singapore,4,2022-05-02,2022-07-20,2022-09-11,132,1505.31,2144.34,666687,1.0,True
Singapore,5,2022-09-12,2022-10-22,2023-03-09,178,1089.3,1543.3,375357,1.0,True
Slovakia,1,2020-06-04,2020-11-08,2020-11-20,169,574.17,574.45,101521,0.4,False
Slovakia,2,2020-11-21,2021-01-07,2021-01-30,70,947.29,1487.68,326428,0.6,False
Slovakia,3,2021-01-31,2021-02-23,2021-07-17,167,77.05,1394.11,346183,0.3,False
Slovakia,4,2021-07-18,2021-12-01,2022-01-06,172,2604.94,2614.83,613889,1.0,True
Slovakia,5,2022-01-07,2022-02-18,2022-06-07,151,4162.9,5002.25,1155001,1.0,True
Slovakia,6,2022-06-08,2022-07-25,2022-08-23,76,213.7,252.87,40513,0.6,False
Slovakia,7,2022-08-24,2022-09-23,2022-11-28,96,395.28,422.98,68832,0.95,True
Slovenia,1,2020-08-03,2020-11-16,2020-12-17,136,1002.05,1013.0,99863,0.6,False
Slovenia,2,2020-12-18,2021-01-10,2021-03-06,78,66.86,1047.08,93043,0.3,False
Slovenia,3,2021-03-07,2021-04-07,2021-07-11,126,123.45,624.62,62777,0.45,False
Slovenia,4,2021-07-12,2021-11-18,2021-12-21,162,1941.46,1965.85,192840,0.8,False
Slovenia,5,2021-12-22,2022-02-04,2022-03-16,84,6657.14,7428.15,475236,1.0,True
Slovenia,6,2022-03-17,2022-03-31,2022-06-07,82,149.15,1536.37,100895,0.35,False
Slovenia,7,2022-06-08,2022-08-01,2022-08-24,77,871.47,1052.42,90082,0.6,False
Slovenia,8,2022-08-25,2022-10-04,2022-11-15,82,503.59,1431.86,126862,1.0,True
Slovenia,9,2022-11-16,2022-12-20,2023-02-14,90,555.69,1073.73,80528,0.8,False
Solomon Islands,1,2021-12-31,2022-02-17,2022-04-10,100,441.14,428.51,11984,0.8,False
Solomon Islands,2,2022-04-11,2022-05-08,2022-05-30,49,195.57,404.99,6169,0.65,False
Solomon Islands,3,2022-10-16,2022-11-24,2023-01-01,77,259.7,249.24,3031,0.85,True
South Africa,1,2020-02-22,2020-07-23,2020-09-28,219,262.66,262.61,671669,0.9,True
South Africa,2,2020-11-04,2021-01-12,2021-03-14,130,313.14,349.7,800584,0.95,True
South Africa,3,2021-04-10,2021-07-11,2021-11-03,207,368.92,392.75,1366493,1.0,True
South Africa,4,2021-11-04,2021-12-22,2022-03-31,147,379.58,376.54,796218,0.95,True
South Africa,5,2022-04-01,2022-05-16,2022-09-11,163,109.73,137.81,295452,0.65,False
Spain,1,2020-02-21,2020-04-08,2020-06-23,123,178.48,173.37,257156,0.75,False
Spain,2,2020-06-24,2020-11-08,2020-12-16,175,537.29,545.48,1526538,1.0,True
Spain,3,2020-12-17,2021-01-29,2021-03-19,92,692.75,922.25,1513389,1.0,True
Spain,4,2021-03-20,2021-04-25,2021-06-12,84,102.91,239.88,521268,0.4,False
Spain,5,2021-06-13,2021-07-30,2021-10-19,128,573.59,683.68,1257167,1.0,True
Spain,6,2021-10-20,2022-01-20,2022-04-15,177,3539.04,3588.22,6671530,1.0,True
Spain,7,2022-04-16,2022-05-12,2022-06-08,53,96.34,461.21,774324,0.35,False
Spain,8,2022-06-09,2022-07-10,2022-09-10,93,177.48,554.58,932744,0.6,False
Sri Lanka,1,2021-04-05,2021-06-04,2021-07-16,102,177.06,189.43,188624,0.75,False
Sri Lanka,2,2021-07-17,2021-08-31,2021-10-28,103,210.92,307.26,256800,0.7,False
Suriname,1,2020-05-07,2020-08-19,2020-11-26,203,188.8,187.87,5297,0.75,False
Suriname,2,2020-11-27,2021-01-17,2021-03-18,111,176.78,179.76,3742,0.75,False
Suriname,3,2021-03-19,2021-06-14,2021-08-06,140,568.6,578.31,16804,1.0,True
Suriname,4,2021-08-07,2021-09-24,2021-12-08,123,805.98,994.2,25230,1.0,True
Suriname,5,2021-12-09,2022-01-22,2022-04-17,129,1642.78,1668.67,28193,1.0,True
Suriname,6,2022-04-18,2022-05-20,2022-08-17,121,79.17,92.11,1731,0.45,False
Sweden,1,2020-02-18,2020-05-02,2020-05-12,84,79.9,79.0,28054,0.2,False
Sweden,2,2020-05-13,2020-06-21,2020-08-05,84,53.41,131.55,50286,0.65,False
Sweden,3,2020-09-07,2020-12-25,2021-02-12,158,799.56,824.89,523426,1.0,True
Sweden,4,2021-02-13,2021-04-19,2021-07-11,148,383.59,798.26,484129,0.95,True
Sweden,5,2021-07-12,2021-09-07,2021-10-16,96,105.76,139.53,69393,0.65,False
Sweden,6,2021-10-17,2022-01-30,2022-03-24,158,4123.08,4205.92,1319803,1.0,True
Sweden,7,2022-06-04,2022-08-15,2022-09-14,102,94.36,122.68,64182,0.6,False
Sweden,8,2022-11-11,2022-12-27,2023-03-09,118,145.23,211.34,80651,0.65,False
Switzerland,1,2020-02-18,2020-04-04,2020-06-03,106,133.31,129.24,30893,0.65,False
Switzerland,2,2020-09-20,2020-11-11,2021-02-28,161,1022.57,1058.58,505649,1.0,True
Switzerland,3,2021-03-01,2021-04-21,2021-07-02,123,153.12,322.69,148402,0.7,False
Switzerland,4,2021-07-03,2021-09-07,2021-10-16,105,383.77,408.8,151257,0.95,True
Switzerland,5,2021-10-17,2022-01-31,2022-03-01,135,4892.57,5044.22,1964129,1.0,True
Switzerland,6,2022-03-02,2022-03-18,2022-05-30,89,360.6,3609.48,849334,0.45,False
Switzerland,7,2022-05-31,2022-07-19,2022-09-12,104,886.5,1078.57,391478,1.0,True
Switzerland,8,2022-09-13,2022-10-26,2023-02-06,146,406.21,726.64,348383,0.9,True
Taiwan*,1,2022-04-08,2022-06-04,2022-08-09,123,4547.04,4474.61,4752147,1.0,True
Taiwan*,2,2022-08-10,2022-10-10,2022-12-08,120,1330.28,2576.75,3649570,1.0,True
Taiwan*,3,2022-12-09,2023-01-16,2023-03-09,90,490.95,1348.85,1543464,0.95,True
Thailand,1,2021-03-17,2021-05-31,2021-06-13,88,63.6,64.25,168755,0.3,False
Thailand,2,2021-06-14,2021-08-19,2021-12-25,194,339.8,400.67,2011529,1.0,True
Thailand,3,2021-12-26,2022-04-01,2022-07-03,189,440.35,506.38,2332009,1.0,True
Timor-Leste,1,2021-02-20,2021-05-26,2021-07-16,146,167.37,168.33,9946,0.75,False
Timor-Leste,2,2021-07-17,2021-08-30,2022-01-05,172,187.01,231.56,9793,0.7,False
Timor-Leste,3,2022-01-06,2022-02-18,2022-04-04,88,101.88,99.32,2995,0.6,False
Togo,1,2021-11-26,2022-01-09,2022-02-25,91,53.1,52.45,10550,0.35,False
Tonga,1,2022-01-30,2022-04-01,2022-07-17,168,3050.36,3029.44,12438,1.0,True
Tonga,2,2022-07-18,2022-08-28,2022-10-13,87,1247.78,1354.19,3743,1.0,True
Tonga,3,2022-12-02,2023-01-13,2023-03-09,97,212.34,205.96,628,0.8,False
Trinidad and Tobago,1,2020-07-17,2020-09-16,2020-11-06,112,101.07,99.88,5665,0.6,False
Trinidad and Tobago,2,2021-03-07,2021-05-30,2021-07-18,133,462.52,466.23,28285,1.0,True
Trinidad and Tobago,3,2021-10-09,2021-12-14,2022-01-07,90,497.18,689.57,43807,0.6,False
Trinidad and Tobago,4,2022-01-08,2022-02-02,2022-04-06,88,86.89,668.78,43327,0.35,False
Trinidad and Tobago,5,2022-04-07,2022-05-15,2022-07-09,93,222.22,476.97,28759,0.6,False
Trinidad and Tobago,6,2022-07-10,2022-08-21,2022-11-22,135,142.49,255.51,17081,0.6,False
Tunisia,1,2020-05-29,2020-11-03,2020-12-06,191,169.57,169.76,102934,0.6,False
Tunisia,2,2020-12-07,2021-01-19,2021-03-11,94,145.38,276.98,135975,0.7,False
Tunisia,3,2021-03-12,2021-04-25,2021-05-24,73,147.56,214.82,96437,0.55,False
Tunisia,4,2021-05-25,2021-07-16,2021-10-30,158,552.59,685.68,375904,1.0,True
Tunisia,5,2021-12-13,2022-01-30,2022-06-04,173,812.68,811.55,323859,1.0,True
Tunisia,6,2022-06-05,2022-07-22,2022-10-18,135,307.29,311.67,103172,0.9,True
Turkey,1,2020-03-04,2020-04-21,2020-06-07,95,60.9,59.22,170132,0.4,False
Turkey,2,2020-11-02,2020-12-16,2021-01-31,90,952.0,956.79,2099990,1.0,True
Turkey,3,2021-02-01,2021-04-20,2021-06-28,147,739.84,837.6,2936847,1.0,True
Turkey,4,2021-06-29,2021-08-20,2021-08-28,60,276.06,356.25,915239,0.4,False
Turkey,5,2021-08-29,2021-10-16,2021-12-13,106,132.62,484.79,2729426,0.9,True
Turkey,6,2021-12-14,2022-02-12,2022-06-12,180,1211.07,1539.4,6019211,1.0,True
Turkey,7,2022-06-13,2022-08-09,2022-11-27,167,662.93,665.79,1841452,1.0,True
Turkey,8,2022-11-28,2023-01-07,2023-02-15,79,82.87,78.61,123084,0.5,False
US,1,2020-02-28,2020-04-23,2020-06-02,95,127.73,124.61,1829323,0.6,False
US,2,2020-06-03,2020-07-28,2020-09-16,105,179.81,266.48,4830137,0.75,False
US,3,2020-09-17,2021-01-08,2021-03-17,181,776.06,938.83,23062264,0.9,True
US,4,2021-06-25,2021-09-05,2021-11-05,133,619.28,663.95,12790797,1.0,True
US,5,2021-11-06,2022-01-19,2022-03-22,136,2527.7,2840.84,33431719,1.0,True
US,6,2022-03-23,2022-06-10,2022-06-19,88,348.02,451.97,6417894,0.4,False
US,7,2022-06-20,2022-07-26,2022-10-28,130,81.37,530.9,11086296,0.85,True
US,8,2022-10-29,2022-12-26,2023-03-09,131,117.77,274.99,6372324,0.7,False
Ukraine,1,2020-05-23,2020-12-04,2021-02-10,263,406.01,419.95,1277389,1.0,True
Ukraine,2,2021-02-11,2021-04-10,2021-07-07,146,332.59,463.53,1009531,0.95,True
Ukraine,3,2021-07-08,2021-11-08,2022-01-02,178,666.95,695.92,1547337,1.0,True
Ukraine,4,2022-01-03,2022-02-13,2022-05-17,134,845.64,996.23,1385790,1.0,True
Ukraine,5,2022-07-21,2022-10-21,2023-01-19,182,164.7,169.67,382959,0.7,False
United Arab Emirates,1,2020-03-06,2020-05-26,2020-08-09,156,105.3,104.42,62496,0.65,False
United Arab Emirates,2,2020-08-10,2020-10-31,2020-12-11,123,144.24,180.99,120076,0.6,False
United Arab Emirates,3,2020-12-12,2021-02-04,2021-05-19,158,325.11,490.85,367428,1.0,True
United Arab Emirates,4,2021-05-20,2021-06-21,2021-11-29,193,58.38,288.19,191947,0.25,False
United Arab Emirates,5,2021-11-30,2022-01-23,2022-05-02,153,388.99,388.54,157057,1.0,True
United Arab Emirates,6,2022-05-03,2022-07-09,2023-01-05,247,203.82,235.35,148257,0.75,False
United Kingdom,1,2020-02-24,2020-04-23,2020-07-10,137,97.82,95.95,289646,0.5,False
United Kingdom,2,2020-07-11,2020-11-09,2020-12-03,145,451.32,463.22,1388624,0.6,False
United Kingdom,3,2020-12-04,2021-01-12,2021-05-15,162,635.97,999.21,2791151,1.0,True
United Kingdom,4,2021-05-16,2021-07-24,2021-08-14,90,686.44,725.59,1808363,0.6,False
United Kingdom,5,2021-08-15,2021-09-11,2021-09-20,36,69.57,694.11,1230051,0.25,False
United Kingdom,6,2021-09-21,2021-10-27,2021-11-17,57,158.03,846.06,2223730,0.45,False
United Kingdom,7,2021-11-18,2022-01-11,2022-03-03,105,2127.03,2901.19,9487500,1.0,True
United Kingdom,8,2022-03-04,2022-03-27,2022-05-29,86,428.66,1495.17,3255110,0.55,False
United Kingdom,9,2022-05-30,2022-07-15,2022-09-07,100,317.73,457.93,1275523,0.9,True
United Kingdom,10,2022-09-08,2022-10-17,2022-11-28,81,84.85,171.34,485975,0.35,False
Uruguay,1,2020-08-28,2021-01-19,2021-02-16,172,293.54,298.2,48174,0.75,False
Uruguay,2,2021-02-17,2021-04-18,2021-05-06,78,1022.85,1237.44,163724,0.6,False
Uruguay,3,2021-05-07,2021-06-03,2021-08-18,103,252.87,1392.64,170196,0.55,False
Uruguay,4,2021-12-11,2022-02-01,2022-04-28,138,3951.39,3945.66,493626,1.0,True
Uruguay,5,2022-04-29,2022-06-13,2022-08-14,107,443.2,531.92,77645,0.95,True
Uruguay,6,2022-11-18,2023-01-05,2023-03-09,111,351.26,390.1,42268,0.9,True
Vanuatu,1,2022-02-19,2022-04-07,2022-05-21,91,915.41,890.25,8659,1.0,True
Vanuatu,2,2022-05-22,2022-06-11,2022-08-11,81,84.61,376.39,3078,0.3,False
Venezuela,1,2021-12-28,2022-02-03,2022-05-17,140,69.1,85.5,79727,0.4,False
Vietnam,1,2021-06-15,2021-09-08,2021-10-23,130,174.44,176.55,874014,0.75,False
Vietnam,2,2021-10-24,2022-01-02,2022-01-30,98,188.59,246.68,1378158,0.3,False
Vietnam,3,2022-01-31,2022-03-21,2022-05-25,114,2723.47,2895.72,8449680,1.0,True
Vietnam,4,2022-07-03,2022-08-11,2023-03-09,249,336.28,335.21,778867,0.95,True
West Bank and Gaza,1,2020-05-29,2020-07-23,2020-08-04,67,82.56,81.37,12324,0.2,False
West Bank and Gaza,2,2020-08-05,2020-09-18,2020-10-18,74,82.74,161.37,34365,0.5,False
West Bank and Gaza,3,2020-10-19,2020-12-14,2021-02-01,105,384.09,494.35,112308,1.0,True
West Bank and Gaza,4,2021-02-02,2021-04-06,2021-07-23,171,440.64,579.96,156525,1.0,True
West Bank and Gaza,5,2021-07-24,2021-10-05,2021-11-21,120,646.99,657.33,141982,0.95,True
West Bank and Gaza,6,2021-12-29,2022-02-11,2022-04-07,99,1351.29,1390.19,186835,1.0,True
West Bank and Gaza,7,2022-06-07,2022-08-03,2022-10-08,123,298.68,301.02,45099,0.9,True
Zambia,1,2020-12-07,2021-02-01,2021-05-10,154,92.09,93.14,74196,0.5,False
Zambia,2,2021-05-11,2021-07-01,2021-11-23,196,174.15,174.42,117978,0.75,False
Zambia,3,2021-11-24,2022-01-08,2022-05-16,173,211.79,206.31,110590,0.75,False
Zimbabwe,1,2020-10-16,2021-01-18,2021-03-18,153,58.91,60.21,28536,0.4,False
Zimbabwe,2,2021-05-28,2021-07-23,2021-09-14,109,181.72,180.75,87963,0.75,False
Zimbabwe,3,2021-11-09,2021-12-21,2022-02-09,92,249.25,243.74,97535,0.8,False
